https://pbs.twimg.com/media/FIVkzMtaIAoKZCn.jpg,1478698889096343555,2022-01-05
https://pbs.twimg.com/media/FIahEdQacAII3rz.jpg,1479046631249313793,2022-01-06
https://pbs.twimg.com/media/FIftgrraAAI_Knf.jpg,1479412154403278857,2022-01-07
https://pbs.twimg.com/media/FIknPRAakAI4xHZ.jpg,1479757102378029058,2022-01-08
https://pbs.twimg.com/media/FIpjGUiacAQEARm.jpg,1480104393030930443,2022-01-09
https://pbs.twimg.com/media/FIvDaLRaMAAApUS.jpg,1480491761739141122,2022-01-10
https://pbs.twimg.com/media/FI5pYhgaQAEXtRW.jpg,1481237204785856512,2022-01-12
https://pbs.twimg.com/media/FI-yykPaMAAltv8.jpg,1481599390175301633,2022-01-13
https://pbs.twimg.com/media/FJD5RGAVcAkxK_Q.jpg,1481958355220729857,2022-01-14
https://pbs.twimg.com/media/FJIskRwacAAddSN.jpg,1482296234820124673,2022-01-15
https://pbs.twimg.com/media/FJN2ofCaIAEsvQX.jpg,1482659147518988294,2022-01-16
https://pbs.twimg.com/media/FJTMjqmVQAI6gQo.jpg,1483035099016806402,2022-01-17
https://pbs.twimg.com/media/FJdl-BQUUAIX4Z3.jpg,1483766728224313344,2022-01-19
https://pbs.twimg.com/media/FJil3WRaMAEyB2J.jpg,1484118454344949764,2022-01-20
https://pbs.twimg.com/media/FJnueD4UUAIdVOm.jpg,1484479760956755977,2022-01-21
https://pbs.twimg.com/media/FJsx_e9aIAA3Ifr.jpg,1484835475005517824,2022-01-22
https://pbs.twimg.com/media/FJx2YIqacAMPY6o.jpg,1485192140758355972,2022-01-23
https://pbs.twimg.com/media/FJ3CQnRaIAcONzq.jpg,1485557047446097921,2022-01-24
https://pbs.twimg.com/media/FKBZbD-acAEEd7X.jpg,1486286205532917762,2022-01-26
https://pbs.twimg.com/media/FKGgJL9aQAADx9V.jpg,1486645436542701573,2022-01-27
https://pbs.twimg.com/media/FKL53C7aMAISQXr.jpg,1487025559355883522,2022-01-28
https://pbs.twimg.com/media/FKQlCyHaIAMKePm.jpg,1487354512998531072,2022-01-29
https://pbs.twimg.com/media/FKVuywgVUAIdmEY.jpg,1487717075644993539,2022-01-30
https://pbs.twimg.com/media/FKlz4ZRaIAYXQMO.jpg,1488848572187492353,2022-02-02
https://pbs.twimg.com/media/FKqw1WeVUAEi1uv.jpg,1489197063531565057,2022-02-03
https://pbs.twimg.com/media/FKv6r1HUYAg-6n1.jpg,1489559739831037953,2022-02-04
https://pbs.twimg.com/media/FK084VUaIAIh6iy.jpg,1489913995872014343,2022-02-05
https://pbs.twimg.com/media/FK51g8MaAAAHzR1.jpg,1490257740513804288,2022-02-06
https://pbs.twimg.com/media/FK_hHo2akAAswMJ.jpg,1490657528224817154,2022-02-07
https://pbs.twimg.com/media/FLJw2AdakAE4gja.jpg,1491378506155978752,2022-02-09
https://pbs.twimg.com/media/FLO6NcCacAItb1g.jpg,1491740648726470665,2022-02-10
https://pbs.twimg.com/media/FLTmVObakAI_q2P.jpg,1492070634331209730,2022-02-11
https://pbs.twimg.com/media/FLYzFrDUUAE9p3A.jpg,1492436504429223942,2022-02-12
https://pbs.twimg.com/media/FLd1107VgAEs5Mr.jpg,1492791373925269504,2022-02-13
https://pbs.twimg.com/media/FLjfYmsUUAU50A0.jpg,1493188894908563459,2022-02-14
https://pbs.twimg.com/media/FLttemTaUAUrOXZ.jpg,1493908080710787072,2022-02-16
https://pbs.twimg.com/media/FLyuDN9agAQcILp.jpg,1494260552641957888,2022-02-17
https://pbs.twimg.com/media/FL39TKWUcAQjuJU.jpg,1494629163189567488,2022-02-18
https://pbs.twimg.com/media/FL9DHCRaIAYuCRf.jpg,1494987394210140161,2022-02-19
https://pbs.twimg.com/media/FMB7UOYaUAMr4QA.jpg,1495330668926365696,2022-02-20
https://pbs.twimg.com/media/FMHvreQVEAAZ_l7.jpg,1495740086679670784,2022-02-21
https://pbs.twimg.com/media/FMRrDgDacAoNkQd.jpg,1496438690234900480,2022-02-23
https://pbs.twimg.com/media/FMW1UNOaUAMWJYo.jpg,1496801818621333508,2022-02-24
https://pbs.twimg.com/media/FMb3yfnUcAABr9X.jpg,1497156379010019333,2022-02-25
https://pbs.twimg.com/media/FMg_Yh6aQAU8Lpa.jpg,1497516572977790978,2022-02-26
https://pbs.twimg.com/media/FMl7mtXaIAQO0KK.jpg,1497864261619519489,2022-02-27
https://pbs.twimg.com/media/FMrhGxqUYAEgYal.jpg,1498257337483546625,2022-02-28
https://pbs.twimg.com/media/FM11NyxaMAMV6FH.jpg,1498983136755355657,2022-03-02
https://pbs.twimg.com/media/FM6zxIzagAIa3BF.jpg,1499333388607492098,2022-03-03
https://pbs.twimg.com/media/FNANNY5aAAMblV3.jpg,1499713207190966274,2022-03-04
https://pbs.twimg.com/media/FNFgh0iaQAATaEP.jpg,1500086290695716866,2022-03-05
https://pbs.twimg.com/media/FNJ_0aRVkAIuEDi.jpg,1500402175121702918,2022-03-06
https://pbs.twimg.com/media/FNPlVDEaQAMxHM-.jpg,1500795257142738947,2022-03-07
https://pbs.twimg.com/media/FNUsl5zakAM7Y8t.jpg,1501155087359811588,2022-03-08
https://pbs.twimg.com/media/FNfV9QgaIAAjQnp.jpg,1501904254709399561,2022-03-10
https://pbs.twimg.com/media/FNo7oBMaIAEFHBJ.jpg,1502578989767925773,2022-03-12
https://pbs.twimg.com/media/FNuDHpzVsAAta2_.jpg,1502939072121425922,2022-03-13
https://pbs.twimg.com/media/FN4t3ljakAIA0Py.jpg,1503689765467881474,2022-03-15
https://pbs.twimg.com/media/FN96o5KaUAIEL4-.jpg,1504055650573516801,2022-03-16
https://pbs.twimg.com/media/FOC6KzLaIAIVDIe.jpg,1504406978919268363,2022-03-17
https://pbs.twimg.com/media/FOHz0MxVgAEBSzq.jpg,1504751833926963201,2022-03-18
https://pbs.twimg.com/media/FOM8Q_ZaUAEpKWt.jpg,1505112970535206912,2022-03-19
https://pbs.twimg.com/media/FOSdcevVQAA0WkA.jpg,1505501294038974465,2022-03-20
https://pbs.twimg.com/media/FOXoVtrVgAc0Ddj.jpg,1505865115857731587,2022-03-21
https://pbs.twimg.com/media/FOh2HDaVcAA6Fq9.jpg,1506583948905701379,2022-03-23
https://pbs.twimg.com/media/FOnLTgqacAcRyRx.jpg,1506959092287303684,2022-03-24
https://pbs.twimg.com/media/FOsIFMEaAAUy2Yo.jpg,1507307395969871873,2022-03-25
https://pbs.twimg.com/media/FOxL3hmakAYM7bn.jpg,1507663399538524164,2022-03-26
https://pbs.twimg.com/media/FO2PCtFaAAAgQx_.jpg,1508018733318516738,2022-03-27
https://pbs.twimg.com/media/FO7zXLqVQAwbypF.jpg,1508410509351010305,2022-03-28
https://pbs.twimg.com/media/FPA4HKqaUAMqBgl.jpg,1508767578906587137,2022-03-29
https://pbs.twimg.com/media/FPGD1axVkAIy4vJ.jpg,1509132309861367816,2022-03-30
https://pbs.twimg.com/media/FPLQVC0UcAIPxiA.jpg,1509497891789844483,2022-03-31
https://pbs.twimg.com/media/FPQSIJLaMAcJVBI.jpg,1509851713876144129,2022-04-01
https://pbs.twimg.com/media/FPVKuAiaUAUfo4X.jpg,1510195409989214210,2022-04-02
https://pbs.twimg.com/media/FPaKDCzVIAU3suD.jpg,1510546514518880258,2022-04-03
https://pbs.twimg.com/media/FPf2tx3akAIEDbC.jpg,1510947470658129920,2022-04-04
https://pbs.twimg.com/media/FPqGnAKaUAAoWHn.jpg,1511668635051331587,2022-04-06
https://pbs.twimg.com/media/FPvO2feVsAM8YAI.jpg,1512029543518781442,2022-04-07
https://pbs.twimg.com/media/FP0WQBJakAALV_E.jpg,1512389519945117697,2022-04-08
https://pbs.twimg.com/media/FP5RxfMWUAQGywL.jpg,1512736444187832321,2022-04-09
https://pbs.twimg.com/media/FP-bb_JWYAIWvgf.jpg,1513098914597007362,2022-04-10
https://pbs.twimg.com/media/FQD27AeX0AQ_ypM.jpg,1513480977741676544,2022-04-11
https://pbs.twimg.com/media/FQI5DB0aAAEcggi.jpg,1513835157241077764,2022-04-12
https://pbs.twimg.com/media/FQYXwloaUAc6_kc.jpg,1514924457454112774,2022-04-15
https://pbs.twimg.com/media/FQdfIIuVEAEh4iJ.jpg,1515284397268025344,2022-04-16
https://pbs.twimg.com/media/FQiTC5_akAEvuV7.jpg,1515622962682277893,2022-04-17
https://pbs.twimg.com/media/FQoBJhpaAAcs5cx.jpg,1516025493019316228,2022-04-18
https://pbs.twimg.com/media/FQyL-AMaUAUceJe.jpg,1516741078992691200,2022-04-20
https://pbs.twimg.com/media/FQ3ZrIoagAA3n94.jpg,1517107989890891776,2022-04-21
https://pbs.twimg.com/media/FQ8a5scVUAAXgAg.jpg,1517461185473355781,2022-04-22
https://pbs.twimg.com/media/FRBPcjNaMAcGFSN.jpg,1517800431887732737,2022-04-23
https://pbs.twimg.com/media/FRGR_kbVcAAj6hC.jpg,1518155075457224704,2022-04-24
https://pbs.twimg.com/media/FRMB18iakAAGpv1.jpg,1518559531881893888,2022-04-25
https://pbs.twimg.com/media/FRQ9s7HVcAAC1r5.jpg,1518906824220495872,2022-04-26
https://pbs.twimg.com/media/FRWeUiVaIAAKqDG.jpg,1519294532743213058,2022-04-27
https://pbs.twimg.com/media/FRbe0FAagAIByxM.jpg,1519646915365064704,2022-04-28
https://pbs.twimg.com/media/FRgNW-paQAAWN6H.jpg,1519979568941387776,2022-04-29
https://pbs.twimg.com/media/FRlmOJoaQAA7cog.jpg,1520358748224585729,2022-04-30
https://pbs.twimg.com/media/FRqak2OaUAAw24t.jpg,1520697790271455232,2022-05-01
https://pbs.twimg.com/media/FRwHJ6qaIAUgNT7.jpg,1521098647663878144,2022-05-02
https://pbs.twimg.com/media/FR0_fa-aAAAFAmP.jpg,1521442063937863680,2022-05-03
https://pbs.twimg.com/media/FR527ktacAA7UIA.jpg,1521784496609460224,2022-05-04
https://pbs.twimg.com/media/FR_BfWMaMAIIbJ3.jpg,1522147951690522625,2022-05-05
https://pbs.twimg.com/media/FSJVkC3aIAAJ2GM.jpg,1522873707617988608,2022-05-07
https://pbs.twimg.com/media/FSOXez6VgAE421p.jpg,1523227660130074624,2022-05-08
https://pbs.twimg.com/media/FSecrn9VcAEexHw.jpg,1524359281985818624,2022-05-11
https://pbs.twimg.com/media/FSjnSfCVEAAGS6g.jpg,1524722788803952641,2022-05-12
https://pbs.twimg.com/media/FSoqYIiUAAAee1w.jpg,1525078023300853760,2022-05-13
https://pbs.twimg.com/media/FStijDxaIAAN9zT.jpg,1525421261421105152,2022-05-14
https://pbs.twimg.com/media/FSyk8RNVsAAgaM6.jpg,1525775737130692609,2022-05-15
https://pbs.twimg.com/media/FS4H9zRVEAE75Nv.jpg,1526166088920473601,2022-05-16
https://pbs.twimg.com/media/FTCU0y3UcAIYoRl.jpg,1526883915516248065,2022-05-18
https://pbs.twimg.com/media/FTHiYewVIAANHL5.jpg,1527250669496741890,2022-05-19
https://pbs.twimg.com/media/FTMrJO3aMAAjqX1.jpg,1527612142530473984,2022-05-20
https://pbs.twimg.com/media/FTRkuP2UYAA2ghB.jpg,1527956927518773249,2022-05-21
https://pbs.twimg.com/media/FTWeivkagAEPf_p.jpg,1528301973929619456,2022-05-22
https://pbs.twimg.com/media/FTcXulqacAAYOYv.jpg,1528716694730194946,2022-05-23
https://pbs.twimg.com/media/FThJ0I2UYAEoQ9F.jpg,1529053241883119616,2022-05-24
https://pbs.twimg.com/media/FTmjINhVIAAxkDk.jpg,1529432916237123584,2022-05-25
https://pbs.twimg.com/media/FTrd6goUUAYgOEz.jpg,1529779026705158144,2022-05-26
https://pbs.twimg.com/media/FT1b868agAIuvtt.jpg,1530480556328116225,2022-05-28
https://pbs.twimg.com/media/FT67OggaAAAQJA8.jpg,1530866788183179264,2022-05-29
https://pbs.twimg.com/media/FUKhlqnUUAAyGAg.jpg,1531964497887318018,2022-06-01
https://pbs.twimg.com/media/FUPrPL6akAEK3F4.jpg,1532326949602746368,2022-06-02
https://pbs.twimg.com/media/FUUzn_0akAAg-L5.jpg,1532688017227272192,2022-06-03
https://pbs.twimg.com/media/FUZpJh_VUAALWhS.jpg,1533028341980479488,2022-06-04
https://pbs.twimg.com/media/FUendXhUsAAml8n.jpg,1533378325691125765,2022-06-05
https://pbs.twimg.com/media/FUuhb7BVEAAO4Wg.jpg,1534497611146592256,2022-06-08
https://pbs.twimg.com/media/FUz3a3VUsAAuXzP.jpg,1534873619024982019,2022-06-09
https://pbs.twimg.com/media/FVCx5RLUsAAVyxo.jpg,1535923076231479296,2022-06-12
https://pbs.twimg.com/media/FVIaHp_UYAY_eEo.jpg,1536319147390341120,2022-06-13
https://pbs.twimg.com/media/FVSuKrYUsAE0FVN.jpg,1537044877359255552,2022-06-15
https://pbs.twimg.com/media/FVX6_qdaUAEPwh6.jpg,1537410825605918721,2022-06-16
https://pbs.twimg.com/media/FVcrrjgUYAEE64S.jpg,1537745829842530304,2022-06-17
https://pbs.twimg.com/media/FVh0FQtakAAcgHy.jpg,1538106912910483456,2022-06-18
https://pbs.twimg.com/media/FVm2JtYUYAATF3f.jpg,1538461030556217344,2022-06-19
https://pbs.twimg.com/media/FVshEgZacAAvtKg.jpg,1538860064655933442,2022-06-20
https://pbs.twimg.com/media/FV2sM_dUYAInOEq.jpg,1539575992016314368,2022-06-22
https://pbs.twimg.com/media/FV7bfmraIAE1h9U.jpg,1539909464274669568,2022-06-23
https://pbs.twimg.com/media/FWKyH9xaQAAV2Nq.jpg,1540989879030775809,2022-06-26
https://pbs.twimg.com/media/FWQatXZUEAEvmL-.jpg,1541386345503129600,2022-06-27
https://pbs.twimg.com/media/FWlLcHPVsAAW7PF.jpg,1542847298434396160,2022-07-01
https://pbs.twimg.com/media/FWvDdTQaIAAco-Y.jpg,1543542210867920896,2022-07-03
https://pbs.twimg.com/media/FW0fuJ6aQAA0ur1.jpg,1543925131562844162,2022-07-04
https://pbs.twimg.com/media/FW-rTw7akAECcVF.jpg,1544641558246371329,2022-07-06
https://pbs.twimg.com/media/FXEEcBjagAExYGr.jpg,1545021032230428673,2022-07-07
https://pbs.twimg.com/media/FXJDWy6aUAAsxmr.jpg,1545371687474307073,2022-07-08
https://pbs.twimg.com/media/FXNvYhxUUAEvUso.jpg,1545701569865613316,2022-07-09
https://pbs.twimg.com/media/FXTBULLVQAA6TO3.jpg,1546073128261935104,2022-07-10
https://pbs.twimg.com/media/FXYhTJXaIAA3oyv.jpg,1546460139221585920,2022-07-11
https://pbs.twimg.com/media/FXiwBYBUEAAk8K-.jpg,1547180013362982912,2022-07-13
https://pbs.twimg.com/media/FXoBkhTakAAyWZB.jpg,1547551153629679617,2022-07-14
https://pbs.twimg.com/media/FXtI8Q_aUAAZfJT.jpg,1547911102616727557,2022-07-15
https://pbs.twimg.com/media/FXyAXnJUcAE_gyT.jpg,1548253520876355584,2022-07-16
https://pbs.twimg.com/media/FX3AP3CUIAAwjud.jpg,1548605229779759104,2022-07-17
https://pbs.twimg.com/media/FX8nkeEaAAEi2qt.jpg,1549000308256555008,2022-07-18
https://pbs.twimg.com/media/FYG3xthVsAEbEw3.jpg,1549721817228931073,2022-07-20
https://pbs.twimg.com/media/FYMBdGQacAAoSgv.jpg,1550084301827772416,2022-07-21
https://pbs.twimg.com/media/FYRLJ4BUcAA7oKi.jpg,1550446809658818566,2022-07-22
https://pbs.twimg.com/media/FYV23SoaQAERLku.jpg,1550776343054667777,2022-07-23
https://pbs.twimg.com/media/FYbg58uUsAInhJL.jpg,1551174414800404481,2022-07-24
https://pbs.twimg.com/media/FYgq_KMUYAAephd.jpg,1551537342732677121,2022-07-25
https://pbs.twimg.com/media/FYq3bHWUsAYI0oz.jpg,1552254707539648512,2022-07-27
https://pbs.twimg.com/media/FYwHqFzaIAESDmd.jpg,1552624397894430721,2022-07-28
https://pbs.twimg.com/media/FY1KVYAaQAEX6w5.jpg,1552979182883184640,2022-07-29
https://pbs.twimg.com/media/FY5_G9UVUAAUKUr.jpg,1553318684189675520,2022-07-30
https://pbs.twimg.com/media/FY_LnTvVUAIo098.jpg,1553684276994281473,2022-07-31
https://pbs.twimg.com/media/FZExnF_aQAU-Mq8.jpg,1554077898428289025,2022-08-01
https://pbs.twimg.com/media/FZPBlY9VQAMqlcx.jpg,1554799151069958144,2022-08-03
https://pbs.twimg.com/media/FZURk7BaQAAml9i.jpg,1555168579133505536,2022-08-04
https://pbs.twimg.com/media/FZjWez8UYAApD1b.jpg,1556229502509821953,2022-08-07
https://pbs.twimg.com/media/FZowVJKaIAAF8Ye.jpg,1556609768130633731,2022-08-08
https://pbs.twimg.com/media/FZzKxMHakAA09nl.jpg,1557342523546165255,2022-08-10
https://pbs.twimg.com/media/FZ37AI5UUAAr-os.jpg,1557677034469728263,2022-08-11
https://pbs.twimg.com/media/FaCJiPhaAAANUuq.jpg,1558396698791378945,2022-08-13
https://pbs.twimg.com/media/FaHPiMgaQAApzHN.jpg,1558755140316045313,2022-08-14
https://pbs.twimg.com/media/FaM1tUTUEAAoKpP.jpg,1559148956835528706,2022-08-15
https://pbs.twimg.com/media/FaXN6EwagAA9Ki2.jpg,1559879254174998530,2022-08-17
https://pbs.twimg.com/media/FahaRJJaMAYNqTN.jpg,1560596526111784960,2022-08-19
https://pbs.twimg.com/media/FamV7DXVsAADvP_.jpg,1560943592059052038,2022-08-20
https://pbs.twimg.com/media/FarXUEPVUAAYk7z.jpg,1561296965085802496,2022-08-21
https://pbs.twimg.com/media/FaxBinBacAAtsuo.jpg,1561695241014767618,2022-08-22
https://pbs.twimg.com/media/Fa7VFCuaMAEUuNo.jpg,1562420414218846210,2022-08-24
https://pbs.twimg.com/media/Fa_-BOaacAAYC91.jpg,1562746897827147778,2022-08-25
https://pbs.twimg.com/media/FbFWbDYUsAEuzRY.jpg,1563125576608923648,2022-08-26
https://pbs.twimg.com/media/FbKWWWQUYAMcC6Z.jpg,1563477335650643968,2022-08-27
https://pbs.twimg.com/media/FbPa0saagAA-8EE.jpg,1563834099881480193,2022-08-28
https://pbs.twimg.com/media/FbU_oe-aMAIVV7n.jpg,1564226415016300544,2022-08-29
https://pbs.twimg.com/media/FbfIq6RUUAAQbFH.jpg,1564940042342002689,2022-08-31
https://pbs.twimg.com/media/FbkWswTaUAALxGi.jpg,1565307310045810698,2022-09-01
https://pbs.twimg.com/media/Fbpmv3hUsAE3xO1.jpg,1565676799480119296,2022-09-02
https://pbs.twimg.com/media/FbuUEf0VEAATiNf.jpg,1566008106240589825,2022-09-03
https://pbs.twimg.com/media/FbzUaD9VQAQjfZL.jpg,1566360320179724288,2022-09-04
https://pbs.twimg.com/media/Fb5EaNMUUAAIvFv.jpg,1566764943684567041,2022-09-05
https://pbs.twimg.com/media/FcDNUJTaAAAfOhl.jpg,1567478424821968896,2022-09-07
https://pbs.twimg.com/media/FcIAHzJaIAEHpJC.jpg,1567815763406516230,2022-09-08
https://pbs.twimg.com/media/FcNY9NeaIAAj_AN.jpg,1568194913334104065,2022-09-09
https://pbs.twimg.com/media/FcSYdkYaUAE8rvJ.jpg,1568546216027521025,2022-09-10
https://pbs.twimg.com/media/FcXTea6aUAEyfXF.jpg,1568892578015379458,2022-09-11
https://pbs.twimg.com/media/FcdItz6akAA-7z_.jpg,1569302963553959944,2022-09-12
https://pbs.twimg.com/media/FcnYPUIakAYyk_U.jpg,1570023711922868227,2022-09-14
https://pbs.twimg.com/media/FcxwJ1XaAAA7ZL_.jpg,1570753694135881735,2022-09-16
https://pbs.twimg.com/media/Fc2Ri_RaMAI4AxT.jpg,1571071890822930432,2022-09-17
https://pbs.twimg.com/media/Fc7fGJcacAEyCij.jpg,1571438623702257665,2022-09-18
https://pbs.twimg.com/media/FdAnnlxagAABZa_.jpg,1571799844431495168,2022-09-19
https://pbs.twimg.com/media/FdLbsH4aIAA7cUh.jpg,1572560792054272004,2022-09-21
https://pbs.twimg.com/media/FdQsEfyaUAAT4R3.jpg,1572930644854046720,2022-09-22
https://pbs.twimg.com/media/FdVQIOuaEAE7pyT.jpg,1573251772356866049,2022-09-23
https://pbs.twimg.com/media/FdaxJjqagAIPY-Z.jpg,1573639911751970817,2022-09-24
https://pbs.twimg.com/media/Fdfbk2lVQAIw7WB.jpg,1573968038604558336,2022-09-25
https://pbs.twimg.com/media/FdlGlgLVsAAmAlz.jpg,1574367171882340352,2022-09-26
https://pbs.twimg.com/media/FdvaaYFaEAIUz0D.jpg,1575092655611998209,2022-09-28
https://pbs.twimg.com/media/Fd0l6lJacAAfJsG.jpg,1575457163518308353,2022-09-29
https://pbs.twimg.com/media/Fd5V9nrVEAEJ3ka.jpg,1575791442924285952,2022-09-30
https://pbs.twimg.com/media/Fd-jxCqUYAAZ4ma.jpg,1576158464124268544,2022-10-01
https://pbs.twimg.com/media/FeTe2hMakAACrUp.jpg,1577630803562881024,2022-10-05
https://pbs.twimg.com/media/FeY5SmWaEAA3NQE.jpg,1578011716947873792,2022-10-06
https://pbs.twimg.com/media/Fex4vHgUUAAmbE4.jpg,1579770324224069632,2022-10-11
https://pbs.twimg.com/media/FfG00euVUAEskp2.jpg,1581243762264576002,2022-10-15
https://pbs.twimg.com/media/FfLwZyLUAAIyD9B.jpg,1581590748633640960,2022-10-16
https://pbs.twimg.com/media/FfbbtbTakAApocG.jpg,1582693898136489984,2022-10-19
https://pbs.twimg.com/media/FfgYV8CUcAAWMwe.jpg,1583042038802497536,2022-10-20
https://pbs.twimg.com/media/Fflp3QpUAAAfLlC.jpg,1583413146852597767,2022-10-21
https://pbs.twimg.com/media/Ffqkpu4UcAENoyP.jpg,1583759260294713344,2022-10-22
https://pbs.twimg.com/media/Ff_l1GCagAA9TZM.jpg,1585238298670178305,2022-10-26
https://pbs.twimg.com/media/FgEz12eaUAAZN2r.jpg,1585605549122809862,2022-10-27
https://pbs.twimg.com/media/FgJ2_UHVsAA552q.jpg,1585960853790392320,2022-10-28
https://pbs.twimg.com/media/FgOyFz8aEAE2vh0.jpg,1586307311932317697,2022-10-29
https://pbs.twimg.com/media/FgTuM48aUAAS_-W.jpg,1586654878184546306,2022-10-30
https://pbs.twimg.com/media/FgZV1WLaMAEzev6.jpg,1587050299839385600,2022-10-31
https://pbs.twimg.com/media/FgjzOFNakAAinSO.jpg,1587786296629506049,2022-11-02
https://pbs.twimg.com/media/FgocLTSUYAIaNwt.jpg,1588112803541307392,2022-11-03
https://pbs.twimg.com/media/Fgt-jAAUoAABtBy.jpg,1588502437551165441,2022-11-04
https://pbs.twimg.com/media/FgyrA1iacAA6W-Q.jpg,1588832803474374657,2022-11-05
https://pbs.twimg.com/media/Fg37dzeUAAEXCb9.jpg,1589202737392390144,2022-11-06
https://pbs.twimg.com/media/Fg9aSg7aMAEz6QW.jpg,1589588471802273792,2022-11-07
https://pbs.twimg.com/media/FhH364GacAAeXrA.jpg,1590324739322486784,2022-11-09
https://pbs.twimg.com/media/FhM-4p_VsAEYd3X.jpg,1590684241066459136,2022-11-10
https://pbs.twimg.com/media/FhbyjU3VQAA3o8Z.jpg,1591726212355096576,2022-11-13
https://pbs.twimg.com/media/FhhfPcjVEAAfbit.jpg,1592127191046758400,2022-11-14
https://pbs.twimg.com/media/Fhrz-hHaAAAoUE7.jpg,1592853678872203266,2022-11-16
https://pbs.twimg.com/media/FhxJJKnacAMHykv.jpg,1593228794243915778,2022-11-17
https://pbs.twimg.com/media/Fh_5l5dagAE3oVg.jpg,1594267226668158976,2022-11-20
https://pbs.twimg.com/media/FiFShTZaMAEsJUN.jpg,1594646479758508032,2022-11-21
https://pbs.twimg.com/media/FiPTiM5aMAEayGr.jpg,1595351282256334849,2022-11-23
https://pbs.twimg.com/media/FiZ7HzpagAI0P40.jpg,1596098495920082944,2022-11-25
https://pbs.twimg.com/media/Fie0Ct4VEAE8hLW.jpg,1596442556958576641,2022-11-26
https://pbs.twimg.com/media/Fij0_QrUUAAmKm_.jpg,1596795439503667205,2022-11-27
https://pbs.twimg.com/media/FipbTTiaMAA24jG.jpg,1597189409719275521,2022-11-28
https://pbs.twimg.com/media/Fizu4OqVEAAeE6M.jpg,1597914622954463233,2022-11-30
https://pbs.twimg.com/media/Fi48Pw3VIAESz-0.jpg,1598281164581924864,2022-12-01
https://pbs.twimg.com/media/Fi9-0SyUoAEpxCg.jpg,1598635833753751552,2022-12-02
https://pbs.twimg.com/media/FjC52xhVEAAfbyU.jpg,1598982223080083456,2022-12-03
https://pbs.twimg.com/media/FjX8_IhUoAAnci1.jpg,1600463408956346369,2022-12-07
https://pbs.twimg.com/media/FjdJyo-VUAE5pih.jpg,1600829332368216064,2022-12-08
https://pbs.twimg.com/media/FjnLz8daMAAmkHq.jpg,1601535240161239045,2022-12-10
https://pbs.twimg.com/media/FjsJhNoakAAjBbA.jpg,1601884563147730944,2022-12-11
https://pbs.twimg.com/media/FjxpdZwVQAAYmgS.jpg,1602271525175902208,2022-12-12
https://pbs.twimg.com/media/Fj29NmVaUAADDuV.jpg,1602645088651182081,2022-12-13
https://pbs.twimg.com/media/Fj75bk2UcAACUzl.jpg,1602992774911258625,2022-12-14
https://pbs.twimg.com/media/FkBOBAXUoAE5nRN.jpg,1603367251247185920,2022-12-15
https://pbs.twimg.com/media/FkF_dgJVEAEKlbp.jpg,1603703092125368320,2022-12-16
https://pbs.twimg.com/media/FkK-5-zaYAA1EXO.jpg,1604054325931581442,2022-12-17
https://pbs.twimg.com/media/FkQOWNRVUAAZXvN.jpg,1604423146852929536,2022-12-18
https://pbs.twimg.com/media/FkVsEu4VUAAwp21.jpg,1604807675199762432,2022-12-19
https://pbs.twimg.com/media/Fkf34egUYAAqmO9.jpg,1605524346574737408,2022-12-21
https://pbs.twimg.com/media/FklW3YvaUAIGi-5.jpg,1605910256403378177,2022-12-22
https://pbs.twimg.com/media/FkvCt10akAIny4T.jpg,1606591789481480194,2022-12-24
https://pbs.twimg.com/media/Fk0MzOGakAEsIof.jpg,1606954720882757632,2022-12-25
https://pbs.twimg.com/media/Fk5qnH5aUAEqXyl.jpg,1607339341713674242,2022-12-26
https://pbs.twimg.com/media/Fk--zfSaEAA2uFV.jpg,1607713388226052096,2022-12-27
https://pbs.twimg.com/media/FlIzuF6acAA7ceu.jpg,1608404889004290053,2022-12-29
https://pbs.twimg.com/media/FlN8c8eaAAAatwo.jpg,1608766334447529985,2022-12-30
https://pbs.twimg.com/media/FlS9NHSaEAIc-9u.jpg,1609119007122259970,2022-12-31
