https://pbs.twimg.com/media/ExpRfYCVcAEQIqv.jpg,1376502249145344010,2021-03-29
https://pbs.twimg.com/media/ExuUTF5UYAEVTdH.jpg,1376857177235677186,2021-03-30
https://pbs.twimg.com/media/ExzhNXjU8AIi0Kl.jpg,1377223220634390530,2021-03-31
https://pbs.twimg.com/media/Ex4z1rtUUAsA6_R.jpg,1377595546970451969,2021-04-01
https://pbs.twimg.com/media/EyChHEhU8AAZxgH.jpg,1378278641092583424,2021-04-03
https://pbs.twimg.com/media/EyHnJVZVIAQBv2L.jpg,1378637119199977472,2021-04-04
https://pbs.twimg.com/media/EyNcCtMVoAg0N-a.jpg,1379047125393154050,2021-04-05
https://pbs.twimg.com/media/EySYVtcUUAAiNRj.jpg,1379394898185629701,2021-04-06
https://pbs.twimg.com/media/EyXiltyUcAI7YCU.jpg,1379758010696835073,2021-04-07
https://pbs.twimg.com/media/Eycr-fuVoAMtDGf.jpg,1380120174825627653,2021-04-08
https://pbs.twimg.com/media/EymizccVoAA95Fs.jpg,1380813777411567623,2021-04-10
https://pbs.twimg.com/media/Eyrqvc6UYAA20jv.jpg,1381174347411288069,2021-04-11
https://pbs.twimg.com/media/Eyxb2NrUUAksBrg.jpg,1381580183224786948,2021-04-12
https://pbs.twimg.com/media/Ey2baX1U4AIcMzi.jpg,1381931550724431873,2021-04-13
https://pbs.twimg.com/media/Ey7lMWlVcAMSkbn.jpg,1382294148259086338,2021-04-14
https://pbs.twimg.com/media/EzBF-wLVkAYywP5.jpg,1382682043629281280,2021-04-15
https://pbs.twimg.com/media/EzuwJsSVEAQhuuv.jpg,1385895002258120708,2021-04-24
https://pbs.twimg.com/media/Ezzx2xfVgAUla4l.jpg,1386248720245661696,2021-04-25
https://pbs.twimg.com/media/Ez5hfDPVIAE7cKK.jpg,1386652932213411842,2021-04-26
https://pbs.twimg.com/media/Ez-eyXcVkAEewCA.jpg,1387001810066411522,2021-04-27
https://pbs.twimg.com/media/E0IaqnLVcAIuab1.jpg,1387700966523289603,2021-04-29
https://pbs.twimg.com/media/E0N7SYHVgAMB0jw.jpg,1388088678686281730,2021-04-30
https://pbs.twimg.com/media/E0SsRnWUcAITur8.jpg,1388424013920149506,2021-05-01
https://pbs.twimg.com/media/E0X3g-ZVIAE8EUq.jpg,1388788215906070529,2021-05-02
https://pbs.twimg.com/media/E0c-c9uUcAAsa8F.jpg,1389147687946178565,2021-05-03
https://pbs.twimg.com/media/E0iMXoXVcAAWKXB.jpg,1389514833150816260,2021-05-04
https://pbs.twimg.com/media/E0nPymsVgAIfWft.jpg,1389870438424080395,2021-05-05
https://pbs.twimg.com/media/E02r5IZVgAAfPEi.jpg,1390956868957130752,2021-05-08
https://pbs.twimg.com/media/E076QF9VUAUeJ2I.jpg,1391324500872945665,2021-05-09
https://pbs.twimg.com/media/E1a1yNDVkAAtkYZ.jpg,1393501019527647234,2021-05-15
https://pbs.twimg.com/media/E1f8u7gUUAMjdCz.jpg,1393860502774714371,2021-05-16
https://pbs.twimg.com/media/E1q5AmUUcAs1Dbg.jpg,1394630468415352836,2021-05-18
https://pbs.twimg.com/media/E1wEh5XVgAI2kIp.jpg,1394994976488968198,2021-05-19
https://pbs.twimg.com/media/E16b7frVoAEuJYc.jpg,1395724392991105029,2021-05-21
https://pbs.twimg.com/media/E1-131fVkAAdr-0.jpg,1396034391076270082,2021-05-22
https://pbs.twimg.com/media/E2EBQw4UcAY-rBj.jpg,1396398760033361923,2021-05-23
https://pbs.twimg.com/media/E2J9SMpUcAEESg8.jpg,1396816597218566144,2021-05-24
https://pbs.twimg.com/media/E2OtdkUVEAYuybz.jpg,1397151045482995719,2021-05-25
https://pbs.twimg.com/media/E2UFTJyUcAILY7C.jpg,1397529096935010306,2021-05-26
https://pbs.twimg.com/media/E2i5DpnVgAAove_.jpg,1398571167972159488,2021-05-29
https://pbs.twimg.com/media/E2oFZByVoAMwXgw.jpg,1398936573085851652,2021-05-30
https://pbs.twimg.com/media/E2y4v7aUUAMcT_N.jpg,1399696729616764931,2021-06-01
https://pbs.twimg.com/media/E24Ge4kUUAAIk-X.jpg,1400063674174164998,2021-06-02
https://pbs.twimg.com/media/E3G6xY6VcAAmpmE.jpg,1401106329012297731,2021-06-05
https://pbs.twimg.com/media/E3MFNK8UcAow6Tc.jpg,1401469644540506113,2021-06-06
https://pbs.twimg.com/media/E3RPYwEVEAUO7Or.jpg,1401832682225504258,2021-06-07
https://pbs.twimg.com/media/E3W4-DcVIAEnXi0.jpg,1402230245927776256,2021-06-08
https://pbs.twimg.com/media/E3rAO_eVgAEIEm3.jpg,1403645601493913605,2021-06-12
https://pbs.twimg.com/media/E3wKdkeUcAA7IJm.jpg,1404008691028815873,2021-06-13
https://pbs.twimg.com/media/E4AYh7PUcAQZLpd.jpg,1405150058744467458,2021-06-16
https://pbs.twimg.com/media/E4Ff4y5VoAQVAX_.jpg,1405509991956566020,2021-06-17
https://pbs.twimg.com/media/E4PHE6ZVkAIg_6f.jpg,1406186399980658694,2021-06-19
https://pbs.twimg.com/media/E4ULivrVgAUENQL.jpg,1406543154350682112,2021-06-20
https://pbs.twimg.com/media/E4aDfRzVkAoIV8o.jpg,1406956511083974664,2021-06-21
https://pbs.twimg.com/media/E4fLnCIVgAM_kOI.jpg,1407317283874033664,2021-06-22
https://pbs.twimg.com/media/E4zF3ykVoAI1FDz.jpg,1408718349643632643,2021-06-26
https://pbs.twimg.com/media/E44NcVSVEAQ4InI.jpg,1409078518198177792,2021-06-27
https://pbs.twimg.com/media/E5NkHTDVoAM-fjV.jpg,1410581189694349312,2021-07-01
https://pbs.twimg.com/media/E5Sxq2CVcAIxEAE.jpg,1410947936876261378,2021-07-02
https://pbs.twimg.com/media/E5XJMBMVEAMpF_7.jpg,1411255271142281229,2021-07-03
https://pbs.twimg.com/media/E5cSnUPVUAEFW40.jpg,1411617479063859200,2021-07-04
https://pbs.twimg.com/media/E5m_s8EVEAY8XDT.jpg,1412370741207584768,2021-07-06
https://pbs.twimg.com/media/E5sbFbBVkAAR9To.jpg,1412752692649226244,2021-07-07
https://pbs.twimg.com/media/E57OvCFVcAEptUD.jpg,1413794645360795648,2021-07-10
https://pbs.twimg.com/media/E6AYd81VgAY1u_n.jpg,1414157190667988998,2021-07-11
https://pbs.twimg.com/media/E6QSmFHVoAU11Qt.jpg,1415276633116663811,2021-07-14
https://pbs.twimg.com/media/E6VuEJqVEAIG6Ni.jpg,1415658680108797952,2021-07-15
https://pbs.twimg.com/media/E6fT6-lVoAMJEyh.jpg,1416333622232059904,2021-07-17
https://pbs.twimg.com/media/E6kXRvtVkAERyJl.jpg,1416689155698946052,2021-07-18
https://pbs.twimg.com/media/E60ONEAVUAERpi8.jpg,1417805079961227265,2021-07-21
https://pbs.twimg.com/media/E65DHHhVIAMuwhE.jpg,1418144726759264259,2021-07-22
https://pbs.twimg.com/media/E7DR9WNX0AAUGYY.jpg,1418864742899273736,2021-07-24
https://pbs.twimg.com/media/E7IuJx_UUAE6I_w.jpg,1419247583545806866,2021-07-25
https://pbs.twimg.com/media/E7slxSQVIAUTKqK.jpg,1421771641147650048,2021-08-01
https://pbs.twimg.com/media/E7yR5l_VUAs15VX.jpg,1422172005978099720,2021-08-02
https://pbs.twimg.com/media/E78W1v1UUAoZ1fo.jpg,1422881124888453123,2021-08-04
https://pbs.twimg.com/media/E8LWYX6VIAAQM2k.jpg,1423936150746529797,2021-08-07
https://pbs.twimg.com/media/E8Qlso7VoAQvulK.jpg,1424304835088707587,2021-08-08
https://pbs.twimg.com/media/E_pCxwrVIAEdOgH.jpg,1439536457966702594,2021-09-19
https://pbs.twimg.com/media/E_t84AuUcAcCglM.jpg,1439881813137100802,2021-09-20
https://pbs.twimg.com/media/E_4g5rHVcAcrb5w.jpg,1440625110453350402,2021-09-22
https://pbs.twimg.com/media/E_9sGMGUUAYFY89.jpg,1440989263747686410,2021-09-23
https://pbs.twimg.com/media/FAC6EJSUYAA3SQa.jpg,1441356466867167239,2021-09-24
https://pbs.twimg.com/media/FAHvpG-VIAYGBCa.jpg,1441696850206097411,2021-09-25
