https://pbs.twimg.com/media/EqoxE7KVkAEsYxW.jpg,1344941410605101056,2021-01-01
https://pbs.twimg.com/media/Eqt2wosUYAALLwW.jpg,1345299503272742913,2021-01-02
https://pbs.twimg.com/media/ErNLJaPVoAEm5V8.jpg,1347503350577696768,2021-01-08
https://pbs.twimg.com/media/ErR2r-ZVgAIIAlE.jpg,1347832697335398400,2021-01-09
https://pbs.twimg.com/media/ErXDxflVQEAkarq.jpg,1348198928861171713,2021-01-10
https://pbs.twimg.com/media/ErcXvWIUcAA-pr6.jpg,1348572726680698881,2021-01-11
https://pbs.twimg.com/media/ErhxqQtUcAAxaaO.jpg,1348953070630096897,2021-01-12
https://pbs.twimg.com/media/Erm7qG6U0AMnyZU.jpg,1349315908024455168,2021-01-13
https://pbs.twimg.com/media/ErxFVcUUwAAoUfh.jpg,1350030233903108097,2021-01-15
https://pbs.twimg.com/media/Er18ioYU0AQ6OM9.jpg,1350372409396797442,2021-01-16
https://pbs.twimg.com/media/Er7E4ZIVgAA-RDP.jpg,1350733422709280769,2021-01-17
https://pbs.twimg.com/media/EsApszAXAAE09zd.jpg,1351125774254923780,2021-01-18
https://pbs.twimg.com/media/EsFp_8oUwAMXr-b.jpg,1351477922436050944,2021-01-19
https://pbs.twimg.com/media/EsKyNqVUcAIdmc-.jpg,1351838797311348738,2021-01-20
https://pbs.twimg.com/media/EsVRy97VkAM9Wjd.jpg,1352577211128111105,2021-01-22
https://pbs.twimg.com/media/EsZ_PPyUUAA3R-s.jpg,1352908649144827906,2021-01-23
https://pbs.twimg.com/media/EsfJFoUVcAAtxV6.jpg,1353271322147577856,2021-01-24
https://pbs.twimg.com/media/EskadYgU4AAsgMB.jpg,1353642266615668742,2021-01-25
https://pbs.twimg.com/media/Esp0am8UwAAxlzc.jpg,1354022649039478784,2021-01-26
https://pbs.twimg.com/media/EsukD1EVcAAPSnn.jpg,1354356509472251909,2021-01-27
https://pbs.twimg.com/media/Es0CnhfUUAMCwa5.jpg,1354741951434657796,2021-01-28
https://pbs.twimg.com/media/Es5PDM7VEAAfG5K.jpg,1355107466736926736,2021-01-29
https://pbs.twimg.com/media/Es-Aj6_U0AIROqS.jpg,1355443378146607106,2021-01-30
https://pbs.twimg.com/media/EtDWYC2UYAAHWFw.jpg,1355819208676794371,2021-01-31
https://pbs.twimg.com/media/EtI-RITUYAICJKo.jpg,1356214912427585536,2021-02-01
https://pbs.twimg.com/media/EtODM-vU4AMqA2B.jpg,1356572182394990592,2021-02-02
https://pbs.twimg.com/media/EtYhl_gU0AEeSKp.jpg,1357309285504413696,2021-02-04
https://pbs.twimg.com/media/Etdk3lRVIAUGrOL.jpg,1357664730588979204,2021-02-05
https://pbs.twimg.com/media/EtiDPKqVIAEbhKK.jpg,1357979594423324673,2021-02-06
https://pbs.twimg.com/media/EtnRWc7VgAA_OZT.jpg,1358346957098414080,2021-02-07
https://pbs.twimg.com/media/EttCM_nUUAAOx1y.jpg,1358752514410090502,2021-02-08
https://pbs.twimg.com/media/EtyO9KBVgAEENNH.jpg,1359118379752124420,2021-02-09
https://pbs.twimg.com/media/Et72j2eVcAArHEn.jpg,1359795242652684294,2021-02-11
https://pbs.twimg.com/media/EuBoRgpVEAAlitD.jpg,1360201748107776002,2021-02-12
https://pbs.twimg.com/media/EuLUIAHVICs9SFk.jpg,1360883282557079553,2021-02-14
https://pbs.twimg.com/media/EuQteDkUUAI-9Di.jpg,1361262993581830147,2021-02-15
https://pbs.twimg.com/media/EuWCP8qVEAUp6UB.jpg,1361637684603740163,2021-02-16
https://pbs.twimg.com/media/EubBpE6VcAId-Df.jpg,1361988860461215748,2021-02-17
https://pbs.twimg.com/media/EugbI_uVoAEPXnG.jpg,1362368738998161408,2021-02-18
https://pbs.twimg.com/media/EulSrrvUYAQLxi2.jpg,1362711283900977156,2021-02-19
https://pbs.twimg.com/media/EuqLVEXU4AYvSzw.jpg,1363055042052247552,2021-02-20
https://pbs.twimg.com/media/Euvgs4KUUAIvO7k.jpg,1363430385216987141,2021-02-21
https://pbs.twimg.com/media/Eu_KRC_VIAU02Sn.jpg,1364531617553805316,2021-02-24
https://pbs.twimg.com/media/EvEXrClVEAEQbcO.jpg,1364898201535352834,2021-02-25
https://pbs.twimg.com/media/EvOWiqyVgAMDhKx.jpg,1365600645294608388,2021-02-27
https://pbs.twimg.com/media/EvTZ4ocVgAUn6WM.jpg,1365956164760915969,2021-02-28
https://pbs.twimg.com/media/EvY8d5-VgAIMP9P.jpg,1366346031860916229,2021-03-01
https://pbs.twimg.com/media/EveOPf7VoAE8T7k.jpg,1366717419415212034,2021-03-02
https://pbs.twimg.com/media/EvjJLsHVIAMA5eG.jpg,1367063699979079683,2021-03-03
https://pbs.twimg.com/media/EvoQXWDUUAIBwcZ.jpg,1367423441264017412,2021-03-04
https://pbs.twimg.com/media/EvyT8_hVoAQ0g1y.jpg,1368131073457016832,2021-03-06
https://pbs.twimg.com/media/Ev3hXleVgAEiUlr.jpg,1368497668264062979,2021-03-07
https://pbs.twimg.com/media/EwCRZtQUcAEcSC4.jpg,1369254168003715076,2021-03-09
https://pbs.twimg.com/media/EwHI79AVcAI1jVl.jpg,1369596705130254338,2021-03-10
https://pbs.twimg.com/media/EwWYUADU8AILK5y.jpg,1370669140998979584,2021-03-13
https://pbs.twimg.com/media/Ewbd00EVkAI4Dpo.jpg,1371027047020105728,2021-03-14
https://pbs.twimg.com/media/EwhSU5DVgAc_Nhj.jpg,1371436617139810305,2021-03-15
https://pbs.twimg.com/media/Ewlzp3oUYAIM5IA.jpg,1371754736110739460,2021-03-16
https://pbs.twimg.com/media/Ew13FZSVcAMNtn_.jpg,1372884407493652480,2021-03-19
https://pbs.twimg.com/media/Ew6bfMVVgAQKy5s.jpg,1373205907006390279,2021-03-20
https://pbs.twimg.com/media/Ew_ngo6VoAE-Q79.jpg,1373570983697784834,2021-03-21
https://pbs.twimg.com/media/ExFS7F6VEAM_0Ad.jpg,1373970572594401287,2021-03-22
https://pbs.twimg.com/media/ExKT-anVkAcg_lA.jpg,1374323559984549888,2021-03-23
https://pbs.twimg.com/media/ExPeEGFWUAIBvKK.jpg,1374686580489678857,2021-03-24
https://pbs.twimg.com/media/Exee96qVEAk6Lmz.jpg,1375743009069834241,2021-03-27
https://pbs.twimg.com/media/Exjk8T8U4AM5NX-.jpg,1376101422186393603,2021-03-28
https://pbs.twimg.com/media/E8VvMnzVgAg_3Mj.jpg,1424667124312670211,2021-08-09
https://pbs.twimg.com/media/E8blv8xVgAApn26.jpg,1425078948455534597,2021-08-10
https://pbs.twimg.com/media/E8gccjVVUAgDv80.jpg,1425420563510489088,2021-08-11
https://pbs.twimg.com/media/E8l9ocLUcAIT8Sp.jpg,1425808895176417281,2021-08-12
https://pbs.twimg.com/media/E8qVPd-VcAEGTgG.jpg,1426116329732395013,2021-08-13
https://pbs.twimg.com/media/E8vbFzOUcAY3xto.jpg,1426474604051132418,2021-08-14
https://pbs.twimg.com/media/E80oC4WVcAEstWJ.jpg,1426840691783593990,2021-08-15
https://pbs.twimg.com/media/E86HImVVEAQagA_.jpg,1427226718599749633,2021-08-16
https://pbs.twimg.com/media/E9EdcK0UYAI15sq.jpg,1427954931630166020,2021-08-18
https://pbs.twimg.com/media/E9JugiCVkAQlIov.jpg,1428325541887627264,2021-08-19
https://pbs.twimg.com/media/E9ThQ-lVcAQirc9.jpg,1429014667771322372,2021-08-21
https://pbs.twimg.com/media/E9YlR-zVgAACwwG.jpg,1429370926794039296,2021-08-22
https://pbs.twimg.com/media/E9ooQy2UUAMBgvR.jpg,1430500111524634632,2021-08-25
https://pbs.twimg.com/media/E9t7UPTUcAMgEkj.jpg,1430872901297729536,2021-08-26
https://pbs.twimg.com/media/E93p5rfVkAAuQ2a.jpg,1431557439388749832,2021-08-28
https://pbs.twimg.com/media/E98qGFmVUAANCGD.jpg,1431909495093956609,2021-08-29
https://pbs.twimg.com/media/E-B-RG5UUAQKzrI.jpg,1432283518202118150,2021-08-30
https://pbs.twimg.com/media/E-HfKMhUUAUeJcF.jpg,1432671527162417162,2021-08-31
https://pbs.twimg.com/media/E-W14r8VIAk57oS.jpg,1433752047354933249,2021-09-03
https://pbs.twimg.com/media/E-bmthaVkAYgQIH.jpg,1434087207527092226,2021-09-04
https://pbs.twimg.com/media/E-g-SoIVEAE0tK4.jpg,1434464976723316736,2021-09-05
https://pbs.twimg.com/media/E-mdF4_VcAUOYlZ.jpg,1434850685187551233,2021-09-06
https://pbs.twimg.com/media/E-wq_y-UYAAhfhF.jpg,1435569662159306752,2021-09-08
https://pbs.twimg.com/media/E-16P1lUUAU8G0r.jpg,1435938275626139648,2021-09-09
https://pbs.twimg.com/media/E-6rYCZVIAEENZf.jpg,1436273766468755464,2021-09-10
https://pbs.twimg.com/media/E-_x74TVEAItT_K.jpg,1436632822173757455,2021-09-11
https://pbs.twimg.com/media/E_E_C0eUcAEi1ed.jpg,1436999078768906247,2021-09-12
https://pbs.twimg.com/media/E_KhwJKVQAEYLbm.jpg,1437389085983723528,2021-09-13
https://pbs.twimg.com/media/E_UrhGuVcAMF214.jpg,1438103507903541249,2021-09-15
https://pbs.twimg.com/media/E_ZYjALVIAQlAV1.jpg,1438434496567648260,2021-09-16
https://pbs.twimg.com/media/E_e9YJ9UUAcopnR.jpg,1438826834053898244,2021-09-17
https://pbs.twimg.com/media/E_jyUxXVQAIScrj.jpg,1439166524678234127,2021-09-18
https://pbs.twimg.com/media/FANGsM_VEAczkU1.jpg,1442074035513217024,2021-09-26
https://pbs.twimg.com/media/FASg8A-VQAgqAzA.jpg,1442454740307038208,2021-09-27
https://pbs.twimg.com/media/FAcfVymVkAAL7Ja.jpg,1443156669135949825,2021-09-29
https://pbs.twimg.com/media/FAiAIi9UUAIKqAi.jpg,1443544572584292354,2021-09-30
https://pbs.twimg.com/media/FAm9yRyVcAAPFSq.jpg,1443893834157465603,2021-10-01
https://pbs.twimg.com/media/FArxUH3VcAA_T1h.jpg,1444231968258887681,2021-10-02
https://pbs.twimg.com/media/FAxH_cvVIAk9v_Q.jpg,1444608740875927552,2021-10-03
https://pbs.twimg.com/media/FA2nUu4VQAgnpIw.jpg,1444995036005875721,2021-10-04
https://pbs.twimg.com/media/FBAw7SUUYAwoVzj.jpg,1445709282285023239,2021-10-06
https://pbs.twimg.com/media/FBGAi3ZVQAg224f.jpg,1446078298518278146,2021-10-07
https://pbs.twimg.com/media/FBLC5nJVEAIebrv.jpg,1446432732494454792,2021-10-08
https://pbs.twimg.com/media/FBQCmwYUYAAB2Ek.jpg,1446784249156173829,2021-10-09
https://pbs.twimg.com/media/FBVIdYgVUAMKbCO.jpg,1447142532559761414,2021-10-10
https://pbs.twimg.com/media/FBaowVyVIAAAZie.jpg,1447529883681181702,2021-10-11
https://pbs.twimg.com/media/FCI89tbVIAozuRQ.jpg,1450789070662094849,2021-10-20
https://pbs.twimg.com/media/FCOEgjJVkAA5jgh.jpg,1451149206681382916,2021-10-21
https://pbs.twimg.com/media/FCim97RVQAMxuna.jpg,1452594468125691916,2021-10-25
https://pbs.twimg.com/media/FCs9ONgVIAU4zfI.jpg,1453322629008420864,2021-10-27
https://pbs.twimg.com/media/FCyKKqgUUAMTwX3.jpg,1453688701683257347,2021-10-28
https://pbs.twimg.com/media/FC3H021acAEtIvw.jpg,1454037969925406725,2021-10-29
https://pbs.twimg.com/media/FC8NffMaAAAha0t.jpg,1454396047602585600,2021-10-30
https://pbs.twimg.com/media/FDBOxmYaUAA0vtr.jpg,1454749298998931469,2021-10-31
https://pbs.twimg.com/media/FDG3Cw9agAA-qDO.jpg,1455145417239261187,2021-11-01
https://pbs.twimg.com/media/FDQw_JUakAA6Jf3.jpg,1455842446038863882,2021-11-03
https://pbs.twimg.com/media/FDWTuy-akAECH5P.jpg,1456232492722053131,2021-11-04
https://pbs.twimg.com/media/FDgELeOaIAAFgQf.jpg,1456919080267501570,2021-11-06
https://pbs.twimg.com/media/FDlaW6FaMAEMOU8.jpg,1457295308874866688,2021-11-07
https://pbs.twimg.com/media/FDqalfxaMAAWnx6.jpg,1457647403549356035,2021-11-08
https://pbs.twimg.com/media/FDwE-AJagAA0jg9.jpg,1458045850098098178,2021-11-09
https://pbs.twimg.com/media/FEENvo7akAEaTLT.jpg,1459462871558275079,2021-11-13
https://pbs.twimg.com/media/FEJPm3BaIAIjZXI.jpg,1459816763118731268,2021-11-14
https://pbs.twimg.com/media/FEOcLVbakAAMZau.jpg,1460182427654311936,2021-11-15
https://pbs.twimg.com/media/FEUHhx7aAAAK7aO.jpg,1460581937173909506,2021-11-16
https://pbs.twimg.com/media/FEoPXCDVcAINRcP.jpg,1461997930559131649,2021-11-20
https://pbs.twimg.com/media/FEtT67VakAELAyu.jpg,1462354782354837504,2021-11-21
https://pbs.twimg.com/media/FEypo7YakAASycW.jpg,1462730504311308289,2021-11-22
https://pbs.twimg.com/media/FE3nicJacAAaj0W.jpg,1463080039030099968,2021-11-23
https://pbs.twimg.com/media/FE89IXEaMAAWv9f.jpg,1463455626139676673,2021-11-24
https://pbs.twimg.com/media/FFCQLNoaMAE-kax.jpg,1463828406710444036,2021-11-25
https://pbs.twimg.com/media/FFMIECmaQAAMDDb.jpg,1464523187526717440,2021-11-27
https://pbs.twimg.com/media/FFRWAA-acAAfXrl.jpg,1464890342545985536,2021-11-28
https://pbs.twimg.com/media/FFW6qERakAM7PU7.jpg,1465282490135121920,2021-11-29
https://pbs.twimg.com/media/FFhRlcdaUAEcG3t.jpg,1466011387063566336,2021-12-01
https://pbs.twimg.com/media/FFmgoMNaMAANTCE.jpg,1466379770753875968,2021-12-02
https://pbs.twimg.com/media/FFrSth_aUAY3XW-.jpg,1466716316757553152,2021-12-03
https://pbs.twimg.com/media/FFwTTlJagAA9hfV.jpg,1467068812659150848,2021-12-04
https://pbs.twimg.com/media/FF1da_DaIAIF6kx.jpg,1467431777577074689,2021-12-05
https://pbs.twimg.com/media/FF64OBOagAAWdl-.jpg,1467813084681375745,2021-12-06
https://pbs.twimg.com/media/FGFUTmBVUAE9vdh.jpg,1468547654947045382,2021-12-08
https://pbs.twimg.com/media/FGKb8ZfUUAIwqDH.jpg,1468907895240945667,2021-12-09
https://pbs.twimg.com/media/FGPeSkeVQAADyeI.jpg,1469262319134081026,2021-12-10
https://pbs.twimg.com/media/FGUUtyvUYA0gnPs.jpg,1469603636934488066,2021-12-11
https://pbs.twimg.com/media/FGZgk7xVkAgrp3L.jpg,1469968521157541891,2021-12-12
https://pbs.twimg.com/media/FGfCPJzVgAABXup.jpg,1470357373504339968,2021-12-13
https://pbs.twimg.com/media/FGjspBnVIAQ_DNZ.jpg,1470685473329016836,2021-12-14
https://pbs.twimg.com/media/FGpTGfxVcAEvaxB.jpg,1471079607449571332,2021-12-15
https://pbs.twimg.com/media/FGzkhVNaUAExbJf.jpg,1471802444506361859,2021-12-17
https://pbs.twimg.com/media/FG4S7ofaQAAljJO.jpg,1472134950975848457,2021-12-18
https://pbs.twimg.com/media/FG9himraIAIiZ-L.jpg,1472502855504662528,2021-12-19
https://pbs.twimg.com/media/FHDAzgVagAcdBCL.jpg,1472889076093456389,2021-12-20
https://pbs.twimg.com/media/FHNTInEaQAIZrOm.jpg,1473612916163497986,2021-12-22
https://pbs.twimg.com/media/FHSh4kDaQAIxuWg.jpg,1473980976942694401,2021-12-23
https://pbs.twimg.com/media/FHXeJv8aUAA1BGf.jpg,1474328717917040643,2021-12-24
https://pbs.twimg.com/media/FHcV_akaAAA4VpU.jpg,1474671586959847424,2021-12-25
https://pbs.twimg.com/media/FHhlzNZaUAMSpyu.jpg,1475040812686000130,2021-12-26
https://pbs.twimg.com/media/FHm2YGdaMAQAUUO.jpg,1475410882822049797,2021-12-27
https://pbs.twimg.com/media/FHr0m71acAU3AKX.jpg,1475760783028264962,2021-12-28
https://pbs.twimg.com/media/FHxOLxtaAAEU2nI.jpg,1476140748970295299,2021-12-29
https://pbs.twimg.com/media/FH2JxCuaUAY6oVP.jpg,1476487734059757570,2021-12-30
https://pbs.twimg.com/media/FH7OEyeakAEzbeK.jpg,1476844314492039171,2021-12-31
